Date,Open,High,Low,Close,Volume,Dividends,Stock Splits,MA50,RSI
2022-11-09 00:00:00-05:00,137.20949321404166,137.25903035043765,133.33592194369456,133.61331176757812,74917800,0.0,0.0,146.43166076660157,41.75649383100618
2022-11-10 00:00:00-05:00,139.92396464437974,145.50149536132812,138.20017210942194,145.50149536132812,118854000,0.0,0.0,146.23174865722658,49.86626623509432
2022-11-11 00:00:00-05:00,144.461308012217,148.61225437453263,143.02480650666106,148.30514526367188,93979700,0.0,0.0,146.07327117919922,50.42152495391711
2022-11-14 00:00:00-05:00,147.58193436969913,148.87972568427676,146.0562752561658,146.8983612060547,73374100,0.0,0.0,145.92918701171874,46.69191096714003
2022-11-15 00:00:00-05:00,150.8016475985718,152.15887739240375,147.17574707277527,148.64195251464844,89868300,0.0,0.0,145.84529449462892,50.83203058667762
2022-11-16 00:00:00-05:00,147.7404231070056,148.47351816998454,145.91755659513987,147.40357971191406,64218300,0.0,0.0,145.70834747314453,53.987815584748255
2022-11-17 00:00:00-05:00,145.0655927873975,150.06854111031015,144.78820297021446,149.3156280517578,80389400,0.0,0.0,145.63931274414062,44.59373495121965
2022-11-18 00:00:00-05:00,150.89081018022702,151.27717565076162,148.57261735701957,149.88031005859375,74829600,0.0,0.0,145.52400939941407,47.87277590977549
2022-11-21 00:00:00-05:00,148.76088150581472,148.96891635666893,146.34361388988748,146.6309051513672,58724100,0.0,0.0,145.22384643554688,47.20809991196218
2022-11-22 00:00:00-05:00,146.74976836265094,149.0184240921763,145.5609375545138,148.78065490722656,51804100,0.0,0.0,145.15637664794923,56.84556818808662
2022-11-23 00:00:00-05:00,148.05745331434238,150.4152818123045,147.9484776665388,149.66236877441406,58301400,0.0,0.0,145.07746276855468,68.2004719099805
2022-11-25 00:00:00-05:00,146.92808337960366,147.49277952307645,145.74916907300886,146.72994995117188,35195900,0.0,0.0,144.998056640625,63.216498744928145
2022-11-28 00:00:00-05:00,143.78761600890013,145.2736393306608,142.04402075334752,142.87619018554688,69246000,0.0,0.0,144.87460906982423,56.59861049587617
2022-11-29 00:00:00-05:00,142.94552250722504,143.46068146412867,139.0422474868005,139.85459899902344,83763800,0.0,0.0,144.61595825195312,51.958688763878506
2022-11-30 00:00:00-05:00,140.08246748729826,147.334268988452,139.24039662442343,146.65069580078125,111380900,0.0,0.0,144.4453598022461,64.66784821843646
2022-12-01 00:00:00-05:00,146.82902616992533,147.74045204608186,145.24392848823717,146.92808532714844,71250400,0.0,0.0,144.34321197509766,52.172609683174926
2022-12-02 00:00:00-05:00,144.60000125431688,146.62098658019366,144.29287703041706,146.43275451660156,65447400,0.0,0.0,144.25054260253907,46.93281329126739
2022-12-05 00:00:00-05:00,146.3931407456851,149.51378422205553,144.41177596916708,145.26376342773438,68826400,0.0,0.0,144.18018737792968,47.30132050764649
2022-12-06 00:00:00-05:00,145.699657023478,145.92750972593578,140.59763397171506,141.5784149169922,64727200,0.0,0.0,144.0293994140625,39.04092855093366
2022-12-07 00:00:00-05:00,140.8650921438867,142.0340897818995,138.69549589656157,139.62673950195312,69721100,0.0,0.0,143.8199954223633,38.19551790858586
2022-12-08 00:00:00-05:00,141.03354006839803,142.18273522334448,139.78528574833666,141.32083129882812,62128300,0.0,0.0,143.6824523925781,37.7838502017967
2022-12-09 00:00:00-05:00,141.01371900553218,144.213633810431,139.58713403388646,140.8354034423828,76097000,0.0,0.0,143.68078796386717,36.145713696734106
2022-12-12 00:00:00-05:00,141.3703622213203,143.1535933976936,139.745643842094,143.14369201660156,70462700,0.0,0.0,143.8099514770508,44.49998892960867
2022-12-13 00:00:00-05:00,148.10699597693275,148.57261784251023,142.89601279791844,144.1145477294922,93886200,0.0,0.0,143.8744631958008,42.35640291668374
2022-12-14 00:00:00-05:00,143.9956697421396,145.29346105888666,139.8447087346677,141.8756103515625,82291200,0.0,0.0,143.82199584960938,37.78747054636934
2022-12-15 00:00:00-05:00,139.7951959439932,140.47876922782143,134.76252747048716,135.2281494140625,98931900,0.0,0.0,143.63064544677735,33.84362796160788
2022-12-16 00:00:00-05:00,135.41637882875764,136.36742546151308,132.48395229176546,133.25668334960938,160156900,0.0,0.0,143.4190524291992,35.73321770679257
2022-12-19 00:00:00-05:00,133.85107132282005,133.94022909195166,130.09639247326413,131.1365966796875,79592600,0.0,0.0,143.27068725585937,36.714998760655924
2022-12-20 00:00:00-05:00,130.16575144774637,132.0084211963144,128.67972794459837,131.06727600097656,77432800,0.0,0.0,143.11440826416015,20.129161706595852
2022-12-21 00:00:00-05:00,131.74091056247187,135.5352250826263,131.5130578963193,134.18789672851562,85928000,0.0,0.0,143.0490264892578,27.979411536649863
2022-12-22 00:00:00-05:00,133.0981661929665,133.3062009999434,129.08590006140003,130.99790954589844,77852100,0.0,0.0,142.9325045776367,25.5951990333987
2022-12-23 00:00:00-05:00,129.70013432550962,131.18615788347827,128.43206209870547,130.63137817382812,63814900,0.0,0.0,142.7166714477539,26.26161857506537
2022-12-27 00:00:00-05:00,130.1558167497083,130.18553600283485,127.52059878402261,128.81838989257812,69007800,0.0,0.0,142.55576751708983,27.960238656615644
2022-12-28 00:00:00-05:00,128.4617668393283,129.80909531758354,124.69717878633752,124.86559295654297,85438400,0.0,0.0,142.23609115600587,26.152358333935254
2022-12-29 00:00:00-05:00,126.79740543885308,129.26420186001027,126.53983352350512,128.40231323242188,75703700,0.0,0.0,141.9606428527832,30.302025618152996
2022-12-30 00:00:00-05:00,127.21351886775186,128.73916297159573,126.24264687972683,128.71934509277344,77034200,0.0,0.0,141.68935897827149,31.430242559940723
2023-01-03 00:00:00-05:00,129.06608634479036,129.68030452162526,123.01301700389877,123.90463256835938,112117500,0.0,0.0,141.33107833862306,22.61695959774967
2023-01-04 00:00:00-05:00,125.70767760201481,127.46118952184275,123.91454504113075,125.1826171875,89113600,0.0,0.0,140.92160781860352,23.287637316265744
2023-01-05 00:00:00-05:00,125.94543511820807,126.57947117064332,123.5975229597015,123.85509490966797,80962700,0.0,0.0,140.44246490478517,23.902396553061436
2023-01-06 00:00:00-05:00,124.8358457242084,129.07595607919873,123.72627912066334,128.41220092773438,87754700,0.0,0.0,139.99729705810546,39.49287089326005
2023-01-09 00:00:00-05:00,129.25432724329818,132.16693576711353,128.6797296670627,128.9373016357422,70790800,0.0,0.0,139.6217755126953,43.03067218222007
2023-01-10 00:00:00-05:00,129.04627993275014,130.03696230166406,126.9262202679388,129.51190185546875,63896200,0.0,0.0,139.34774963378905,47.24095113024713
2023-01-11 00:00:00-05:00,130.02706651764134,132.26600332579267,129.24443406381673,132.24620056152344,69458900,0.0,0.0,138.9120071411133,51.835873454897985
2023-01-12 00:00:00-05:00,132.63253773675518,133.00898669335612,130.2152707507638,132.1669158935547,71379600,0.0,0.0,138.52215270996095,46.52354202002926
2023-01-13 00:00:00-05:00,130.79979015763362,133.66286155971395,130.43324252349805,133.5043487548828,57809700,0.0,0.0,138.21225799560546,54.60503592927182
2023-01-17 00:00:00-05:00,133.57366686977284,136.01073632509204,132.88019243600758,134.67332458496094,63646600,0.0,0.0,138.03691040039064,57.21349626625666
2023-01-18 00:00:00-05:00,135.5451330735466,137.3184473929552,133.7718036375287,133.95013427734375,69672800,0.0,0.0,137.96875122070313,59.52907962499547
2023-01-19 00:00:00-05:00,132.83066830844814,134.98044682181893,132.5235592517681,134.00958251953125,58280400,0.0,0.0,137.9071304321289,69.84940552196315
2023-01-20 00:00:00-05:00,134.01949425343062,136.7339690742396,132.96937348173864,136.58535766601562,80223600,0.0,0.0,137.8863262939453,68.53677151217974
2023-01-23 00:00:00-05:00,136.8330357275328,141.98459582934584,136.6150844101509,139.79518127441406,81760300,0.0,0.0,137.9182263183594,72.18250094888954
2023-01-24 00:00:00-05:00,139.002634110196,141.82608477309955,138.99273272896158,141.2019500732422,66435100,0.0,0.0,138.06999908447267,90.11937456645762
2023-01-25 00:00:00-05:00,139.57721454694948,141.10285848357097,137.5165937570505,140.53817749023438,65799300,0.0,0.0,137.97073272705077,86.66018956275542
2023-01-26 00:00:00-05:00,141.83595921674032,142.90589773474403,140.57778867474386,142.6186065673828,54105100,0.0,0.0,137.857001953125,93.24185517728596
2023-01-27 00:00:00-05:00,141.82607255467883,145.85814139515608,141.7468161617938,144.57025146484375,70555800,0.0,0.0,137.8104397583008,92.31950943076512
2023-01-30 00:00:00-05:00,143.6093160235779,144.19381496546973,141.51897571985512,141.66757202148438,64015300,0.0,0.0,137.6709521484375,79.64923752696464
2023-01-31 00:00:00-05:00,141.37036016421538,142.9950785198001,140.9542754152182,142.94554138183594,65874500,0.0,0.0,137.58179138183593,80.2948457396986
2023-02-01 00:00:00-05:00,142.62853295134704,145.24393363722174,140.00323088438256,144.07492065429688,77663600,0.0,0.0,137.4769772338867,78.75714748885449
2023-02-02 00:00:00-05:00,147.51258015711215,149.77133446520813,146.7893863512896,149.41470336914062,118339000,0.0,0.0,137.46766510009766,83.39090737757171
2023-02-03 00:00:00-05:00,146.650694098628,155.91357929902122,146.45256066946374,153.06040954589844,154357300,0.0,0.0,137.59625518798828,84.75354660123935
2023-02-06 00:00:00-05:00,151.14839243295378,151.67345279630499,149.37506280709064,150.3162078857422,69858300,0.0,0.0,137.62696624755858,76.32545020522701
2023-02-07 00:00:00-05:00,149.23636936430097,153.7835971367229,149.23636936430097,153.20899963378906,83322600,0.0,0.0,137.6978988647461,80.20508314032601
2023-02-08 00:00:00-05:00,152.4461841005687,153.13965862783317,149.76142864627434,150.5044403076172,64120100,0.0,0.0,137.773388671875,73.8880842764388
2023-02-09 00:00:00-05:00,152.3471225123795,152.89200079937044,149.01842938784935,149.4642333984375,56007100,0.0,0.0,137.90514953613283,69.5195313258841
2023-02-10 00:00:00-05:00,148.29343953749174,150.15875544220034,148.0553073383053,149.83132934570312,57450700,0.23,0.0,138.1046841430664,66.64535790370363
2023-02-13 00:00:00-05:00,149.7717960333067,153.05595826741677,149.74203140167415,152.649169921875,62199000,0.0,0.0,138.2246536254883,68.13676119542266
2023-02-14 00:00:00-05:00,150.9326697312374,152.56980025240625,149.68250972027408,152.00424194335938,61707600,0.0,0.0,138.3261767578125,68.17747274491836
2023-02-15 00:00:00-05:00,151.91495619615625,154.28630131495925,151.68675561660484,154.1176300048828,65573800,0.0,0.0,138.4798742675781,68.21069307926001
2023-02-16 00:00:00-05:00,152.31181809355212,155.10981469285346,152.1530784319302,152.51026916503906,68167900,0.0,0.0,138.6248043823242,62.71302303240916
2023-02-17 00:00:00-05:00,151.1608932791744,151.8058138835873,149.67260098619803,151.3593292236328,59144100,0.0,0.0,138.82042266845704,66.43999815711047
2023-02-21 00:00:00-05:00,149.02765165768074,150.11907196225332,147.25162967808436,147.32107543945312,58867200,0.0,0.0,138.97430938720703,56.78662833876175
2023-02-22 00:00:00-05:00,147.70804542619808,148.77961770237255,146.0114006770244,147.74774169921875,51011300,0.0,0.0,139.10284759521485,55.82364025057655
2023-02-23 00:00:00-05:00,148.91851883458222,149.16656754280413,146.0907726446674,148.23390197753906,48394200,0.0,0.0,139.25081756591797,47.78711209048634
2023-02-24 00:00:00-05:00,145.96179806714355,146.04117547901873,144.5826477076605,145.56492614746094,55469600,0.0,0.0,139.29924224853517,35.419258935610415
2023-02-27 00:00:00-05:00,146.5571047176501,148.00570068842444,146.29912437294584,146.7654571533203,44998500,0.0,0.0,139.35226043701172,42.65150031894804
2023-02-28 00:00:00-05:00,145.9022544419719,147.91640875864755,145.68397036570926,146.2594451904297,50547000,0.0,0.0,139.43993713378907,34.04082948469069
2023-03-01 00:00:00-05:00,145.6839673934971,146.08083926604587,143.8781655521099,144.1758270263672,55479000,0.0,0.0,139.61889068603514,35.04013804486458
2023-03-02 00:00:00-05:00,143.2531069289366,145.5649229017897,142.77684246830484,144.7711639404297,52238100,0.0,0.0,139.84918029785158,38.667974394666125
2023-03-03 00:00:00-05:00,146.88452805306355,149.93057369875433,146.18007814404947,149.8511962890625,70732300,0.0,0.0,140.22347229003907,50.03907731906781
2023-03-06 00:00:00-05:00,152.58965247923197,155.08007145690632,152.26224147342523,152.6293487548828,87558000,0.0,0.0,140.6547137451172,49.96095175512692
2023-03-07 00:00:00-05:00,152.50034818589015,152.82777430909798,149.95041524773282,150.416748046875,56182000,0.0,0.0,140.9792907714844,47.05452684101273
2023-03-08 00:00:00-05:00,151.61728958019503,152.27214180165166,150.64494288571473,151.67681884765625,47204800,0.0,0.0,141.39286895751954,45.323168881198825
2023-03-09 00:00:00-05:00,152.36143159379642,153.33377826205344,149.05742108158043,149.41461181640625,53833600,0.0,0.0,141.76853363037108,44.2136288624627
2023-03-10 00:00:00-05:00,149.03760232020056,149.76190035677317,146.45788952900153,147.3409423828125,68572400,0.0,0.0,142.13898468017578,42.7393300693509
2023-03-13 00:00:00-04:00,146.6563207662423,151.94472122041284,146.54717872536102,149.29556274414062,84457100,0.0,0.0,142.62758407592773,53.858130518110556
2023-03-14 00:00:00-04:00,150.09924442723477,152.20269278687886,148.92846170318919,151.39901733398438,73695900,0.0,0.0,143.08751815795898,56.69579398142447
2023-03-15 00:00:00-04:00,150.00992956634795,152.05384836839477,148.7498379704459,151.79588317871094,77167900,0.0,0.0,143.54904891967774,56.55350653784132
2023-03-16 00:00:00-04:00,150.97238887049932,155.23883022992453,150.4564432517635,154.6335906982422,76161100,0.0,0.0,144.16362808227538,66.5820161444226
2023-03-17 00:00:00-04:00,154.86179456499917,155.51664688646673,153.0758405699485,153.79022216796875,98944600,0.0,0.0,144.73578018188476,63.014745002875046
2023-03-20 00:00:00-04:00,153.85966233988228,156.5881981717665,152.94682975683216,156.1714630126953,73641400,0.0,0.0,145.38210754394532,67.17083553169286
2023-03-21 00:00:00-04:00,156.09211065205517,158.15586274382673,155.31818469302476,158.03680419921875,73938300,0.0,0.0,145.974599609375,74.1946893792379
2023-03-22 00:00:00-04:00,158.05664164523282,160.87447136809794,156.57826587768218,156.59811401367188,75701800,0.0,0.0,146.5278158569336,70.05382072281526
2023-03-23 00:00:00-04:00,157.5903190119877,160.28909037219674,156.4492857842791,157.6895294189453,67622100,0.0,0.0,147.09136840820312,65.36963932766412
2023-03-24 00:00:00-04:00,157.6200867175283,159.08853097045545,156.61797529149237,158.99923706054688,59196500,0.0,0.0,147.6264291381836,63.25350357135374
2023-03-27 00:00:00-04:00,158.69164854376666,159.51517209543513,156.63779791375754,157.0446014404297,52390300,0.0,0.0,148.1239828491211,63.939878830824654
2023-03-28 00:00:00-04:00,156.73700421260284,157.2529497162647,154.76253123067644,156.41949462890625,45992200,0.0,0.0,148.58228576660156,60.24865897199504
2023-03-29 00:00:00-04:00,158.1260853889621,159.792980577863,158.10625239291792,159.51516723632812,51305700,0.0,0.0,149.07912261962892,71.06784485765718
2023-03-30 00:00:00-04:00,160.26923462761866,161.20190021896877,160.01126941414205,161.09275817871094,49501700,0.0,0.0,149.62197509765625,79.28982083023234
2023-03-31 00:00:00-04:00,161.17213936170594,163.7121558421177,160.64627728441877,163.61293029785156,68749800,0.0,0.0,150.21404205322267,79.77701740790036
2023-04-03 00:00:00-04:00,162.98785219887395,164.99207489468412,162.9382394284507,164.87301635742188,56976200,0.0,0.0,150.77979522705078,79.04179367194685
2023-04-04 00:00:00-04:00,165.29968004125942,165.53779713310735,163.8213041573672,164.33724975585938,46278300,0.0,0.0,151.27063659667968,76.87070782231504
2023-04-05 00:00:00-04:00,163.45420400743217,163.76178202427454,160.53714838756994,162.48184204101562,51511700,0.0,0.0,151.69623443603516,67.55430868836625
2023-04-06 00:00:00-04:00,161.16221135304366,163.67247839434094,160.73557481041425,163.37481689453125,45390100,0.0,0.0,152.15296722412108,71.39054769740427
2023-04-10 00:00:00-04:00,160.1600956010426,160.7653350830078,158.8305580962968,160.7653350830078,47716900,0.0,0.0,152.5159017944336,60.149041203764256
2023-04-11 00:00:00-04:00,161.08284220068313,161.0927586990324,159.25719214504718,159.54493713378906,47644200,0.0,0.0,152.8153955078125,53.429584849408066
2023-04-12 00:00:00-04:00,159.96164086282883,160.7950808300188,158.53287798210852,158.8503875732422,50133100,0.0,0.0,153.15905181884764,55.301222041131204
2023-04-13 00:00:00-04:00,160.3684580065961,164.5059087028882,160.16009042720802,164.2677764892578,68445600,0.0,0.0,153.5854965209961,62.86374654917449
2023-04-14 00:00:00-04:00,163.30534586901862,165.0218538510683,162.54136673911518,163.92051696777344,49386500,0.0,0.0,153.9824084472656,59.99996279325888
2023-04-17 00:00:00-04:00,163.8014467179672,164.09910820556672,162.7497225828488,163.9403533935547,41516200,0.0,0.0,154.2729214477539,65.20784594551665
2023-04-18 00:00:00-04:00,164.80359277414078,166.1033657798507,164.3570929199219,165.1707000732422,49923000,0.0,0.0,154.5151272583008,68.79802186463644
2023-04-19 00:00:00-04:00,164.50590639410194,166.8474868063491,164.24792604803338,166.32162475585938,47720200,0.0,0.0,154.83523559570312,65.95349442714227
2023-04-20 00:00:00-04:00,164.7936469611591,166.5597526682722,164.2677848764396,165.34927368164062,52456400,0.0,0.0,155.07804107666016,60.26807306746882
2023-04-21 00:00:00-04:00,163.76177452411082,165.15084135581097,163.20614779143077,163.7320098876953,58337300,0.0,0.0,155.34259246826173,50.30034144404043
2023-04-24 00:00:00-04:00,163.7121551717216,164.30747815549572,162.61081824952413,164.03958129882812,41949600,0.0,0.0,155.63409942626953,47.791818002464495
2023-04-25 00:00:00-04:00,163.90067517122756,165.011928595663,162.45206398035216,162.49176025390625,48714100,0.0,0.0,155.88730804443358,45.35926144778948
2023-04-26 00:00:00-04:00,161.78730859335644,163.98998262714247,161.52934335270982,162.48184204101562,45498800,0.0,0.0,156.0839614868164,50.0
2023-04-27 00:00:00-04:00,163.90069664242233,167.2443889919912,163.90069664242233,167.09556579589844,64902300,0.0,0.0,156.3857879638672,58.54997275571236
2023-04-28 00:00:00-04:00,167.1749221384485,168.52430779178914,166.56968265114807,168.35562133789062,55209200,0.0,0.0,156.67054779052734,68.59506665540229
2023-05-01 00:00:00-04:00,167.95877937410904,169.1196457832718,167.3237751381646,168.266357421875,52472900,0.0,0.0,156.98566955566406,72.61981556424976
2023-05-02 00:00:00-04:00,168.76240750964578,169.0203878433964,166.23230777752104,167.22450256347656,48425700,0.0,0.0,157.30297302246095,71.33469446781248
2023-05-03 00:00:00-04:00,168.1770076060668,169.58592231320142,165.8552755593671,166.14300537109375,65136000,0.0,0.0,157.67941162109375,56.13233202764402
2023-05-04 00:00:00-04:00,163.60301757822515,165.7362305719884,163.02754271551254,164.49598693847656,81235400,0.0,0.0,158.0143765258789,51.73444590997473
2023-05-05 00:00:00-04:00,169.6454898055891,172.93958433564597,169.42720570349167,172.2152862548828,113316400,0.0,0.0,158.4940042114258,67.03438501618925
2023-05-08 00:00:00-04:00,171.13375479479316,172.49307196522642,170.7666475636447,172.1457977294922,55962800,0.0,0.0,159.02562164306642,65.07930224579738
2023-05-09 00:00:00-04:00,171.69932954300867,172.18549535197226,170.26064997373916,170.4293212890625,45326900,0.0,0.0,159.49889892578125,58.66836598007192
2023-05-10 00:00:00-04:00,171.6695741726528,172.67168562002166,170.55830553570334,172.20535278320312,53724500,0.0,0.0,160.01781707763672,63.99354948818216
2023-05-11 00:00:00-04:00,172.49308540684927,173.2272999263603,170.82619014099882,172.39385986328125,49514700,0.0,0.0,160.582177734375,68.77417204043606
2023-05-12 00:00:00-04:00,172.503148691073,172.94032072602843,169.90000723282662,171.4599151611328,45497800,0.24,0.0,161.11595275878906,65.65808191161005
2023-05-15 00:00:00-04:00,172.04611949786664,172.09580089562618,170.36698831377848,170.963134765625,37266700,0.0,0.0,161.5381915283203,68.70567686531157
2023-05-16 00:00:00-04:00,170.88364756133655,172.026243906636,170.69486734623067,170.963134765625,42110300,0.0,0.0,161.90486724853517,68.73578375259044
2023-05-17 00:00:00-04:00,170.60544041295114,171.8175785190127,169.323730161145,171.57913208007812,57951600,0.0,0.0,162.32811492919922,62.02917607911946
2023-05-18 00:00:00-04:00,171.8871343000923,174.1127303985688,171.46983787424665,173.9239501953125,65496700,0.0,0.0,162.77305755615234,64.11778086927455
2023-05-19 00:00:00-04:00,175.2553324142869,175.2553324142869,173.814662886291,174.0332489013672,55772400,0.0,0.0,163.26543029785157,64.6063720340994
2023-05-22 00:00:00-04:00,172.86082073697202,173.586135723422,172.33423132308144,173.07940673828125,43570900,0.0,0.0,163.78019958496094,64.89570093922339
2023-05-23 00:00:00-04:00,172.01631359676327,172.2647054247904,170.17820800510876,170.45640563964844,50747300,0.0,0.0,164.2034164428711,60.175751960218946
2023-05-24 00:00:00-04:00,169.9894283951024,171.31087474418595,169.42310290871464,170.73460388183594,45143500,0.0,0.0,164.59012817382813,65.7336742358939
2023-05-25 00:00:00-04:00,171.30094167167584,172.7813472444885,170.58557200349279,171.87721252441406,56058300,0.0,0.0,164.9917547607422,48.724153101627806
2023-05-26 00:00:00-04:00,172.2050709581744,174.6393075176625,171.99641517964363,174.30148315429688,54835000,0.0,0.0,165.38511260986328,56.90757660063622
2023-05-30 00:00:00-04:00,175.82166039118496,177.838600617375,175.43416978518374,176.1594696044922,55964400,0.0,0.0,165.83249755859376,68.19639435866276
2023-05-31 00:00:00-04:00,176.18927418293592,178.19628418088536,175.62293359930055,176.1097869873047,99625300,0.0,0.0,166.23126403808592,63.9255723840674
2023-06-01 00:00:00-04:00,176.5568934848296,178.961324358694,175.79184247385325,178.9315185546875,68901800,0.0,0.0,166.64915832519532,69.63006132046081
2023-06-02 00:00:00-04:00,179.86546741918528,180.61064281262296,178.1068492456953,179.78598022460938,61945900,0.0,0.0,167.11291564941405,75.11985467361872
2023-06-05 00:00:00-04:00,181.45517224816754,183.760240137297,176.89468753794134,178.42478942871094,121946500,0.0,0.0,167.52762084960938,71.39593106845987
2023-06-06 00:00:00-04:00,178.81229557830392,178.9613245985361,176.28862632439862,178.05718994140625,64848400,0.0,0.0,167.90877990722657,69.921875
2023-06-07 00:00:00-04:00,177.29213903364735,180.0443245070711,176.17934858690535,176.67613220214844,61944600,0.0,0.0,168.30141052246094,63.72393460242386
2023-06-08 00:00:00-04:00,176.75562437544468,179.67671479154933,176.3184674791609,179.40846252441406,50214900,0.0,0.0,168.7611898803711,64.46546676829931
2023-06-09 00:00:00-04:00,180.3324332733668,181.05773302998543,179.4680347256072,179.79591369628906,48870700,0.0,0.0,169.16680480957032,64.97931163593556
2023-06-12 00:00:00-04:00,180.10393332560326,182.7070745777549,179.80586012894767,182.6077117919922,54274900,0.0,0.0,169.59710388183595,72.5860204358441
2023-06-13 00:00:00-04:00,181.62409974942676,182.96540646578393,181.26641492627152,182.1308135986328,54929100,0.0,0.0,169.96746154785157,80.80763258942378
2023-06-14 00:00:00-04:00,182.19043750002828,183.20388042744284,180.84913069318355,182.76670837402344,57462900,0.0,0.0,170.3253353881836,81.16324288435545
2023-06-15 00:00:00-04:00,182.77664523014278,185.32017506532543,182.59779523451985,184.81344604492188,65433200,0.0,0.0,170.73485931396485,82.00597543232034
2023-06-16 00:00:00-04:00,185.52880778253314,185.78714496955158,183.08464084493085,183.73045349121094,101235600,0.0,0.0,171.15983154296876,74.98691894436084
2023-06-20 00:00:00-04:00,183.22372353695832,184.90285446235197,183.22372353695832,183.81985473632812,49799100,0.0,0.0,171.56873229980468,72.39979832502688
2023-06-21 00:00:00-04:00,183.7105823455206,184.21731135654113,181.4154443751885,182.77664184570312,49515700,0.0,0.0,172.0089584350586,68.42409762112189
2023-06-22 00:00:00-04:00,182.55804962867666,185.84675475824648,182.48849264496593,185.7970733642578,51245300,0.0,0.0,172.53400115966798,68.76710637506267
2023-06-23 00:00:00-04:00,184.35640529920283,186.35347000336267,183.81987049707254,185.4791259765625,53079300,0.0,0.0,173.06657592773436,66.03256479097413
2023-06-26 00:00:00-04:00,185.6281637162842,186.840316925679,184.03845011557982,184.0782012939453,48088700,0.0,0.0,173.4627844238281,65.88512011744207
2023-06-27 00:00:00-04:00,184.69421118128554,187.17812924825674,184.47562517854146,186.85025024414062,50730800,0.0,0.0,173.92137908935547,71.76594121335278
2023-06-28 00:00:00-04:00,186.7210919434842,188.6784207009768,186.39322808193216,188.03260803222656,51216800,0.0,0.0,174.4032241821289,78.39058308690916
2023-06-29 00:00:00-04:00,187.86369327607625,188.84733028955367,187.7245944705915,188.3704071044922,46347300,0.0,0.0,174.8672183227539,75.45154356832089
2023-06-30 00:00:00-04:00,190.39731556792344,193.22897341065496,190.02968534028088,192.72225952148438,85069600,0.0,0.0,175.3952310180664,79.9633001822965
2023-07-03 00:00:00-04:00,192.5334705595401,192.63283335398893,190.5264603646182,191.2219696044922,31458200,0.0,0.0,175.91268493652345,71.26054470956856
2023-07-05 00:00:00-04:00,190.33768950829898,191.73860783925295,189.39378847171878,190.09922790527344,46920300,0.0,0.0,176.440029296875,69.05896762495931
2023-07-06 00:00:00-04:00,188.61879746180566,190.7847818855726,187.98291504724367,190.5761260986328,45094300,0.0,0.0,176.9707601928711,68.82183252843144
2023-07-07 00:00:00-04:00,190.17871468054457,191.43060398220095,189.01624279458505,189.45339965820312,46778000,0.0,0.0,177.50999298095704,61.70427164884567
2023-07-10 00:00:00-04:00,188.0425411944974,188.76785623704902,185.8368205820474,187.396728515625,59922200,0.0,0.0,178.00829071044922,58.81515158408062
2023-07-11 00:00:00-04:00,187.94320225487675,188.08230107648205,185.3996722823028,186.87014770507812,46638100,0.0,0.0,178.4037823486328,57.18308118192559
2023-07-12 00:00:00-04:00,188.4598227993141,190.46683282642095,187.2576149544283,188.54925537109375,60750200,0.0,0.0,178.80765502929688,63.19854085290887
2023-07-13 00:00:00-04:00,189.27454926148948,189.96011304672044,188.5591796734774,189.3142852783203,41342300,0.0,0.0,179.22861358642578,58.96654312112753
2023-07-14 00:00:00-04:00,189.00630076596116,189.95018665650903,188.41016949012578,189.46334838867188,41573900,0.0,0.0,179.6733905029297,60.245329156360256
2023-07-17 00:00:00-04:00,190.66554418619668,193.06999020919017,190.576126774605,192.7421112060547,50520200,0.0,0.0,180.20537261962892,70.3168989389947
2023-07-18 00:00:00-04:00,192.10623465986887,193.07992632398756,191.18220922995266,192.48377990722656,48353800,0.0,0.0,180.76512847900392,64.9762496805572
2023-07-19 00:00:00-04:00,191.85783626295205,196.9548257927655,191.41071888540702,193.844970703125,80507300,0.0,0.0,181.19772216796875,65.30612736923739
2023-07-20 00:00:00-04:00,193.83503287335196,195.20616054184634,191.26169731171004,191.8876495361328,59581200,0.0,0.0,181.59255920410158,58.53427542370371
2023-07-21 00:00:00-04:00,192.85141597984278,193.71581466592878,189.9998675641836,190.70530700683594,71917800,0.0,0.0,181.99807891845703,44.21647684761825
2023-07-24 00:00:00-04:00,192.16585938944138,193.65621037246362,191.01331765735196,191.51010131835938,45377800,0.0,0.0,182.38417388916017,50.860528174630296
2023-07-25 00:00:00-04:00,192.08635337667803,193.18921360255567,191.67898717598615,192.37448120117188,37283200,0.0,0.0,182.78378631591798,56.901734146854
2023-07-26 00:00:00-04:00,192.4241776516982,194.38150645043117,192.07643819221113,193.24884033203125,47471900,0.0,0.0,183.21956481933594,57.91649755805661
2023-07-27 00:00:00-04:00,194.75905738350056,195.93145946617352,191.31137779910276,191.97706604003906,47460200,0.0,0.0,183.6398434448242,57.40959931329795
2023-07-28 00:00:00-04:00,193.41774030072398,195.36513883740778,192.89115085593045,194.57028198242188,48291400,0.0,0.0,184.11198638916017,70.41856392598474
2023-07-31 00:00:00-04:00,194.79880391210602,195.22604573792506,194.00394703385945,195.18629455566406,38824100,0.0,0.0,184.58412963867187,73.55090343562216
2023-08-01 00:00:00-04:00,194.9776367705072,195.46447500565182,194.0238055683359,194.3516845703125,35175100,0.0,0.0,184.99268432617188,67.257642016523
2023-08-02 00:00:00-04:00,193.78533806203276,193.92443686220395,190.61587146094374,191.34117126464844,50389300,0.0,0.0,185.3388427734375,55.318048391461915
2023-08-03 00:00:00-04:00,190.33769786330862,191.13253958701708,189.46335377446843,189.9402618408203,61235200,0.0,0.0,185.67605987548828,51.17417101760486
2023-08-04 00:00:00-04:00,184.3266120793539,186.17464788722353,180.7497636897243,180.81932067871094,115799700,0.0,0.0,185.88331817626954,27.203683951331882
2023-08-07 00:00:00-04:00,180.9583924944197,181.95195965876945,176.20914266167853,177.69949340820312,97576100,0.0,0.0,186.02261596679688,24.52056257077234
2023-08-08 00:00:00-04:00,178.5341090910849,179.11037993961088,176.43768149893992,178.64340209960938,67823000,0.0,0.0,186.15793975830078,23.419100147492316
2023-08-09 00:00:00-04:00,179.7064998446634,179.7661114526978,175.87132973457904,177.0437469482422,60378500,0.0,0.0,186.2127850341797,23.715737324350087
2023-08-10 00:00:00-04:00,178.32546127369173,179.58729603576714,176.45756499068386,176.82518005371094,54686900,0.0,0.0,186.22609924316407,24.553791721355225
2023-08-11 00:00:00-04:00,176.41727915197714,177.71064876563273,175.6511949365926,176.88487243652344,51988100,0.24,0.0,186.24160095214845,22.434734893127256
2023-08-14 00:00:00-04:00,177.06395162096015,178.77519627366368,176.40730805352842,178.54637145996094,43675600,0.0,0.0,186.2338980102539,24.697412278179115
2023-08-15 00:00:00-04:00,177.96932811667432,178.56626441250066,176.148642811246,176.54660034179688,43622600,0.0,0.0,186.16911041259766,20.647252592839706
2023-08-16 00:00:00-04:00,176.2282281290192,177.63103821850117,175.6014306291595,175.67108154296875,46964900,0.0,0.0,186.11403625488282,20.938883023884074
2023-08-17 00:00:00-04:00,176.23817991720907,176.60629138980735,172.59680932827945,173.11416625976562,66062900,0.0,0.0,186.01517578125,11.71058865816002
2023-08-18 00:00:00-04:00,171.42281626747715,174.20856438232582,171.08455086568065,173.60166931152344,61114200,0.0,0.0,185.9536865234375,11.303772647593703
2023-08-21 00:00:00-04:00,174.1787095149185,175.23331052663207,172.85547884779135,174.9447784423828,46311900,0.0,0.0,185.86441284179688,15.830903335799604
2023-08-22 00:00:00-04:00,176.15856506488566,176.7754037167378,175.3526912955679,176.32769775390625,42084200,0.0,0.0,185.79504852294923,21.95917004047429
2023-08-23 00:00:00-04:00,177.61116733913218,180.62574053735878,177.42213219120586,180.1979217529297,52722800,0.0,0.0,185.74685272216797,33.34076093422868
2023-08-24 00:00:00-04:00,179.75017736824887,180.17799606140284,175.11389855444398,175.48202514648438,54945800,0.0,0.0,185.613876953125,39.25449146497239
2023-08-25 00:00:00-04:00,176.4769498674515,178.23792773323788,174.92489437436942,177.70068359375,51449600,0.0,0.0,185.51255645751954,50.00248640763824
2023-08-28 00:00:00-04:00,179.17314707668444,179.6706015458947,177.64099399120335,179.27264404296875,43820700,0.0,0.0,185.40174041748048,51.28093146000965
2023-08-29 00:00:00-04:00,178.78513667468724,183.95866021885962,178.58615791935483,183.18263244628906,53003900,0.0,0.0,185.39078399658203,61.422362639671384
2023-08-30 00:00:00-04:00,183.99847668663068,186.89366557985178,183.79949791874515,186.69467163085938,60813900,0.0,0.0,185.44828033447266,66.35880014507276
2023-08-31 00:00:00-04:00,186.88369764650204,188.1571799161019,186.52552980935795,186.91354370117188,60794500,0.0,0.0,185.53101837158204,66.53538770566743
2023-09-01 00:00:00-04:00,188.52529893432214,188.95310248802542,187.32145244727047,188.49545288085938,45732600,0.0,0.0,185.58498596191407,66.44732626863187
2023-09-05 00:00:00-04:00,187.32145354255775,189.0127957001277,186.65486637614924,188.73422241210938,45280000,0.0,0.0,185.650087890625,71.39359077239217
2023-09-06 00:00:00-04:00,187.44084613729137,187.88856732407862,180.54613417892804,181.9788055419922,81755800,0.0,0.0,185.60809997558593,59.17775969088283
2023-09-07 00:00:00-04:00,174.28814814234832,177.30273632377782,172.65649801946347,176.65603637695312,112488800,0.0,0.0,185.40421569824218,54.769548532601505
2023-09-08 00:00:00-04:00,177.4420208090181,179.322398154407,176.88485903388653,177.2728729248047,65551300,0.0,0.0,185.18902099609375,54.92655098839805
2023-09-11 00:00:00-04:00,179.15327624597245,179.3821010720692,176.43716366478304,178.44688415527344,58953100,0.0,0.0,184.99055053710939,54.72105705733379
2023-09-12 00:00:00-04:00,178.57619699960773,179.2129380636657,173.9299744385574,175.40243530273438,90370200,0.0,0.0,184.64415405273436,48.806168438178986
2023-09-13 00:00:00-04:00,175.61135251004427,176.39733898891672,173.09423437901472,173.3230743408203,84267900,0.0,0.0,184.28617614746094,40.69984708571126
2023-09-14 00:00:00-04:00,173.11417444561863,175.20348951999142,172.69631446696553,174.84532165527344,60895800,0.0,0.0,183.98109802246094,49.05721850198805
2023-09-15 00:00:00-04:00,175.58152061163142,175.6014230405891,172.93507444225742,174.11900329589844,109205100,0.0,0.0,183.65195556640626,44.45129968215336
2023-09-18 00:00:00-04:00,175.581529763006,178.46677486804185,175.2731104130604,177.06394958496094,67257600,0.0,0.0,183.40416656494142,46.71793450879327
2023-09-19 00:00:00-04:00,176.61622865365928,178.7154869980048,176.22821479764778,178.15834045410156,51826900,0.0,0.0,183.21939880371093,41.85223603750913
2023-09-20 00:00:00-04:00,178.34736859632218,178.78513095270657,174.50701953500308,174.59657287597656,58436200,0.0,0.0,182.97392730712892,30.412419270443465
2023-09-21 00:00:00-04:00,173.66136377232777,175.4024544700544,172.97487415396142,173.0445098876953,63047900,0.0,0.0,182.66383239746094,28.474431606922693
2023-09-22 00:00:00-04:00,173.7807317594859,176.1784657970126,173.16389311357293,173.90011596679688,56725400,0.0,0.0,182.35554901123047,26.824670730643618
2023-09-25 00:00:00-04:00,173.31312961792517,176.06903155779642,173.26338113605138,175.18356323242188,46172700,0.0,0.0,182.06995330810548,29.174381977783653
2023-09-26 00:00:00-04:00,173.92998914160827,174.3080442177515,170.78607323032008,171.0845489501953,64588900,0.0,0.0,181.6368020629883,31.76829411542394
2023-09-27 00:00:00-04:00,171.7411543642004,172.1590142437384,168.18933779757552,169.5623016357422,66921800,0.0,0.0,181.1783724975586,36.39833044951822
2023-09-28 00:00:00-04:00,168.4778812232559,171.15418877973661,166.76663658151597,169.82101440429688,56294400,0.0,0.0,180.69789337158204,35.51269569200228
2023-09-29 00:00:00-04:00,171.14423744734862,172.18889485432,169.47278255997327,170.33836364746094,51814200,0.0,0.0,180.2669076538086,33.82302622045739
2023-10-02 00:00:00-04:00,170.3483142712696,173.4126357064522,170.05978216988254,172.8654327392578,52164500,0.0,0.0,179.91011016845704,44.83183933863459
2023-10-03 00:00:00-04:00,171.38302169456196,172.74605737014042,169.95036546312002,171.52230834960938,49594600,0.0,0.0,179.51035430908203,46.21819764263434
2023-10-04 00:00:00-04:00,170.21897084309467,173.3230971309324,170.09958662548377,172.77589416503906,53020300,0.0,0.0,179.11838256835938,45.60437779624475
2023-10-05 00:00:00-04:00,172.9052228826004,174.55677541307548,171.80087332078952,174.01953125,48527900,0.0,0.0,178.73379638671875,49.79325724963323
2023-10-06 00:00:00-04:00,172.91519374528787,177.08386504118667,172.29833981891508,176.58641052246094,57224100,0.0,0.0,178.4259832763672,48.991635627843436
2023-10-09 00:00:00-04:00,175.90984130036352,178.13844271575493,174.9049887701616,178.07875061035156,42390800,0.0,0.0,178.0961526489258,49.83471702896255
2023-10-10 00:00:00-04:00,177.19329460024346,178.8050422825199,177.04404914526214,177.4818115234375,43698000,0.0,0.0,177.74206298828125,56.83316746133448
2023-10-11 00:00:00-04:00,177.29276793860927,178.934376778521,176.69583169045495,178.88462829589844,47551100,0.0,0.0,177.43272186279296,63.92974022722111
2023-10-12 00:00:00-04:00,179.15326740464937,181.41169985997632,178.12849718812186,179.79000854492188,56743100,0.0,0.0,177.20169860839843,64.01518287272035
2023-10-13 00:00:00-04:00,180.49637644231288,181.0037745319306,177.2330763630847,177.93946838378906,51427100,0.0,0.0,176.9616827392578,56.38543022663008
2023-10-16 00:00:00-04:00,175.8501629741456,178.16830272928576,175.6113793527165,177.8101348876953,52517000,0.0,0.0,176.9014990234375,69.09597724952906
2023-10-17 00:00:00-04:00,175.75065345353025,177.51164648069582,173.91008107267712,176.24810791015625,57549400,0.0,0.0,176.87247131347655,68.9402460289809
2023-10-18 00:00:00-04:00,174.68610759193962,176.675925404563,174.2184991914847,174.9447784423828,54764400,0.0,0.0,176.79849884033203,63.70404349497573
2023-10-19 00:00:00-04:00,175.14377581100544,176.934615069013,174.29811225938155,174.56674194335938,59302900,0.0,0.0,176.74895874023437,61.39415126194159
2023-10-20 00:00:00-04:00,174.41748411190304,174.52692470271634,171.7610790597315,171.99986267089844,64189300,0.0,0.0,176.6524523925781,47.672554142678024
2023-10-23 00:00:00-04:00,170.03990645997357,173.12411535336403,169.064884677314,172.1192626953125,55980100,0.0,0.0,176.5571401977539,51.71823750871812
2023-10-24 00:00:00-04:00,172.1689929614087,172.7858316385813,170.57713260476945,172.5570068359375,43816600,0.0,0.0,176.43735290527343,49.338919985584816
2023-10-25 00:00:00-04:00,171.00497070805432,172.17895608869978,169.78122165806425,170.22894287109375,57157000,0.0,0.0,176.31099975585937,39.25552491444903
2023-10-26 00:00:00-04:00,169.50265408273685,170.50752196340542,164.82658447106704,166.04037475585938,70625300,0.0,0.0,176.11838562011718,22.62390924610736
2023-10-27 00:00:00-04:00,166.06025811746898,168.09982452120383,165.98066357895524,167.36358642578125,58499100,0.0,0.0,176.0033740234375,21.938474989830013
2023-10-30 00:00:00-04:00,168.15951125981562,170.29855938255494,168.01026581195362,169.42303466796875,51131000,0.0,0.0,175.9198013305664,30.396829285312364
2023-10-31 00:00:00-04:00,168.48783537237242,170.0299320873337,167.04520526182563,169.90060424804688,44846000,0.0,0.0,175.81891784667968,27.116051183070198
2023-11-01 00:00:00-04:00,170.12942412346382,173.34297566175312,169.25389942206778,173.0843048095703,56934900,0.0,0.0,175.75404998779297,34.6956614403731
2023-11-02 00:00:00-04:00,174.62643385748567,176.87492275709644,174.56674174580408,176.66600036621094,77334800,0.0,0.0,175.6834115600586,47.30642664694044
2023-11-03 00:00:00-04:00,173.35293714814614,175.91980400512907,172.46746880912187,175.7506561279297,79763700,0.0,0.0,175.6887841796875,45.78407939437177
2023-11-06 00:00:00-05:00,175.4820388495612,178.51649888788603,175.31290615616416,178.31752014160156,63841300,0.0,0.0,175.70112091064453,54.06886355276792
2023-11-07 00:00:00-05:00,178.26777400701332,181.5111868204666,178.05885163405057,180.89434814453125,70530000,0.0,0.0,175.73355499267578,61.14011694649981
2023-11-08 00:00:00-05:00,181.4216486820497,182.51603939170596,180.665508182576,181.95889282226562,49340300,0.0,0.0,175.7090802001953,63.494319289680014
2023-11-09 00:00:00-05:00,182.02852613466231,183.18260883930452,180.88437187201424,181.4813232421875,53763500,0.0,0.0,175.60481323242186,68.73765527589761
2023-11-10 00:00:00-05:00,183.27453648198352,185.8647137408318,182.83619738884556,185.69534301757812,66133400,0.24,0.0,175.58044921875,73.09236405767732
2023-11-13 00:00:00-05:00,185.11755829725763,185.32675592881043,183.51364391722342,184.10140991210938,43627500,0.0,0.0,175.492568359375,68.89343496749099
2023-11-14 00:00:00-05:00,186.99042643314226,187.3988801404597,185.59572499487004,186.73141479492188,60108400,0.0,0.0,175.45251220703125,76.74344535762081
2023-11-15 00:00:00-05:00,187.13987177614973,188.78362815723474,187.0701291024632,187.29925537109375,53790500,0.0,0.0,175.5589212036133,89.03208021005047
2023-11-16 00:00:00-05:00,188.85338872723497,190.23813359679093,187.93685316364744,188.99285888671875,54412900,0.0,0.0,175.8056576538086,89.17925381484012
2023-11-17 00:00:00-05:00,189.53079624428992,189.66030966849544,187.85715445966235,188.97291564941406,50922700,0.0,0.0,176.0396585083008,88.23793802642707
2023-11-20 00:00:00-05:00,189.1721570341783,191.18452507182084,189.16220030963925,190.72625732421875,46505100,0.0,0.0,176.2852459716797,88.79703411607926
2023-11-21 00:00:00-05:00,190.6864202228131,190.79600500003974,189.02273511481332,189.91932678222656,38134500,0.0,0.0,176.57558380126954,84.40990735866146
2023-11-22 00:00:00-05:00,190.7661194461664,192.20066307246498,190.10861078342128,190.5867919921875,39617700,0.0,0.0,176.92085815429687,82.3014690001664
2023-11-24 00:00:00-05:00,190.14845324052308,190.1783386160579,188.53458215721702,189.25186157226562,24048300,0.0,0.0,177.20898895263673,80.72950781526211
2023-11-27 00:00:00-05:00,189.2020384462403,189.94920320088846,188.18589012360914,189.07252502441406,40552600,0.0,0.0,177.50805938720703,77.46385248290619
2023-11-28 00:00:00-05:00,189.06257021852784,190.35765884661393,188.68400187464417,189.6802215576172,38415400,0.0,0.0,177.76038482666016,74.94405046072268
2023-11-29 00:00:00-05:00,190.1783286463289,191.36383248408393,188.25563198255236,188.65411376953125,43014200,0.0,0.0,177.97030029296874,69.05003794568817
2023-11-30 00:00:00-05:00,189.12233356607825,189.60052993998752,187.47857723394316,189.23191833496094,48794400,0.0,0.0,178.26300720214843,71.9278372322928
2023-12-01 00:00:00-05:00,189.61049575839724,190.83584172296256,188.51464801700962,190.51705932617188,45679300,0.0,0.0,178.61245819091798,66.35136421779464
2023-12-04 00:00:00-05:00,189.26182160129318,189.3315642794964,186.74138687981073,188.71389770507812,43389500,0.0,0.0,178.90873382568358,65.42296781566971
2023-12-05 00:00:00-05:00,189.49095553635823,193.66510330405998,189.46105496038606,192.68881225585938,66628400,0.0,0.0,179.25883880615234,68.2762236452833
2023-12-06 00:00:00-05:00,193.71492476298596,194.0237504491889,191.38377422735084,191.59298706054688,41089700,0.0,0.0,179.66900756835938,62.75906348109496
2023-12-07 00:00:00-05:00,192.89803398525805,194.26285017082193,192.85817668285955,193.53561401367188,47477700,0.0,0.0,180.14847381591798,63.3021816875506
2023-12-08 00:00:00-05:00,193.46585241287198,195.2490940936735,192.9378572160349,194.97015380859375,53377300,0.0,0.0,180.6514566040039,66.21767379217974
2023-12-11 00:00:00-05:00,192.37997955947677,192.75854789543507,190.69636589832197,192.44970703125,60943700,0.0,0.0,181.0936834716797,54.47488237130573
2023-12-12 00:00:00-05:00,192.35011019828545,193.9839099721223,190.99525073697387,193.9739532470703,52696900,0.0,0.0,181.51585388183594,60.149637289233574
2023-12-13 00:00:00-05:00,194.35249384296804,197.25149676182392,194.1134108483282,197.21165466308594,70404200,0.0,0.0,182.02964080810546,64.69287128377806
2023-12-14 00:00:00-05:00,197.27142786027224,198.86537024837708,195.4184586232846,197.361083984375,66831600,0.0,0.0,182.52134460449219,68.98317023650826
2023-12-15 00:00:00-05:00,196.78327807496208,197.64998435819683,196.25528284481834,196.82313537597656,128256700,0.0,0.0,182.97741668701173,67.84408452564632
2023-12-18 00:00:00-05:00,195.34871599607987,195.88668314304041,193.65514555781985,195.14947509765625,55751900,0.0,0.0,183.34867797851564,62.00263471080801
2023-12-19 00:00:00-05:00,195.41846071151812,196.2054675888958,195.14947713522938,196.1955108642578,40714100,0.0,0.0,183.71101318359376,66.53562617392765
2023-12-20 00:00:00-05:00,196.1556575241543,196.93270769258373,194.09349060058594,194.09349060058594,52242800,0.0,0.0,184.04324676513673,59.99184615577606
2023-12-21 00:00:00-05:00,195.35867601686434,196.3349670004207,192.76849889188017,193.94403076171875,46482500,0.0,0.0,184.34443481445314,57.38825668854513
2023-12-22 00:00:00-05:00,194.44216262458167,194.6713041108371,192.24052549970972,192.86814880371094,37122800,0.0,0.0,184.6059976196289,59.246160126446
2023-12-26 00:00:00-05:00,192.87810156107636,193.15704186798172,192.1010513916819,192.32022094726562,28919300,0.0,0.0,184.89361267089845,49.03194625450243
2023-12-27 00:00:00-05:00,191.7623368685013,192.7685133001503,190.36762015806895,192.41983032226562,48087700,0.0,0.0,185.18580657958984,52.29149927687611
2023-12-28 00:00:00-05:00,193.4060861494978,193.92412463427104,192.43975185339073,192.84820556640625,34049900,0.0,0.0,185.51780853271484,47.92038274190035
2023-12-29 00:00:00-05:00,193.1669858687692,193.6650956984474,191.00519103209842,191.8021697998047,42628800,0.0,0.0,185.85495635986328,40.185180457817225
2024-01-02 00:00:00-05:00,186.44250337800963,187.72763525264537,183.1948327572495,184.93821716308594,82488700,0.0,0.0,186.0623858642578,31.663447133224608
2024-01-03 00:00:00-05:00,183.5235966803731,185.17732505163676,182.7365745947604,183.55348205566406,58414500,0.0,0.0,186.29345825195313,24.387781431520324
2024-01-04 00:00:00-05:00,181.46141882335,182.39786780732265,180.1962307034869,181.2223358154297,71983600,0.0,0.0,186.47551971435547,8.867207004079233
2024-01-05 00:00:00-05:00,181.30202210783074,182.06910030424723,179.48889502297928,180.4950714111328,62303300,0.0,0.0,186.63428100585938,7.864575749004501
2024-01-08 00:00:00-05:00,181.40163701859532,184.8983778074419,180.81387105846133,184.8585205078125,59144500,0.0,0.0,186.92687255859374,24.90595891186925
2024-01-09 00:00:00-05:00,183.2247200384055,184.4500659772401,182.03921619791834,184.4401092529297,42841800,0.0,0.0,187.29486724853516,26.290246843931257
2024-01-10 00:00:00-05:00,183.65310445295844,185.69534264012714,183.2247220851331,185.48614501953125,46792900,0.0,0.0,187.65731842041015,26.290246843931257
2024-01-11 00:00:00-05:00,185.83481816060663,186.34289994181307,182.9258584292588,184.88841247558594,49128400,0.0,0.0,187.9666259765625,28.166340933767643
2024-01-12 00:00:00-05:00,185.35663323460264,186.03407052890915,184.48992696797683,185.2171630859375,40444700,0.0,0.0,188.2729571533203,29.475183922483396
2024-01-16 00:00:00-05:00,181.47137741288765,183.56342958397713,180.246016282922,182.93582153320312,65603000,0.0,0.0,188.46998748779296,27.89354532617061
2024-01-17 00:00:00-05:00,180.58475215384107,182.2384653293606,179.61841781334914,181.98941040039062,47317400,0.0,0.0,188.57645568847656,27.407389115876896
2024-01-18 00:00:00-05:00,185.3865245441322,188.4249977385091,185.12751288863532,187.91693115234375,78005800,0.0,0.0,188.81978118896484,42.152811460274506
2024-01-19 00:00:00-05:00,188.61428024175586,191.22437102761134,188.1062136601058,190.83584594726562,68741000,0.0,0.0,189.0701477050781,46.7731722260174
2024-01-22 00:00:00-05:00,191.5730425958912,194.59158693286403,191.53318529709307,193.1570281982422,60133900,0.0,0.0,189.31540130615235,52.08716877314193
2024-01-23 00:00:00-05:00,194.2827703313563,195.01000645672423,193.09726645507456,194.44215393066406,42355600,0.0,0.0,189.5650665283203,67.6797552964045
2024-01-24 00:00:00-05:00,194.68124499858735,195.63762256492572,193.6053259368713,193.7647247314453,53631300,0.0,0.0,189.81073455810548,69.5089101429401
2024-01-25 00:00:00-05:00,194.48200782899013,195.5280415368865,192.37998368876055,193.43597412109375,54822100,0.0,0.0,189.96554718017578,75.26786813519836
2024-01-26 00:00:00-05:00,193.5356089954636,194.0237469288864,191.21441522691208,191.69259643554688,44594000,0.0,0.0,190.11737091064452,72.23104453412842
2024-01-29 00:00:00-05:00,191.28414355344017,191.4734277329997,188.86333692292177,191.0052032470703,47145600,0.0,0.0,190.2028466796875,64.28904356141896
2024-01-30 00:00:00-05:00,190.21819361481354,191.07494317235538,186.7613100094732,187.3291473388672,55859400,0.0,0.0,190.20344451904296,55.83266484542218
2024-01-31 00:00:00-05:00,186.3329308453054,186.3927167977895,183.65311255154307,183.70291137695312,55467800,0.0,0.0,190.09764556884767,46.73952466350698
2024-02-01 00:00:00-05:00,183.2944796333469,186.2432816186692,183.12512409780064,186.15362548828125,64885400,0.0,0.0,190.041259765625,52.166519735848524
2024-02-02 00:00:00-05:00,179.18006916709078,186.62183126462077,178.57237456471196,185.14743041992188,102518000,0.0,0.0,189.92968322753907,49.8832990465762
2024-02-05 00:00:00-05:00,187.43872923272858,188.53457697591082,185.13746417315204,186.9705047607422,69668800,0.0,0.0,189.87070678710938,56.85741894424323
2024-02-06 00:00:00-05:00,186.15361780912454,188.59435308712352,186.0639616824351,188.5843963623047,43490800,0.0,0.0,189.83065887451173,60.96027452354737
2024-02-07 00:00:00-05:00,189.91933101173325,190.32778475422944,187.89700615150963,188.69398498535156,53439000,0.0,0.0,189.81950134277344,51.600989170805505
2024-02-08 00:00:00-05:00,188.67405573652303,188.82348261691075,186.64177415771547,187.6081085205078,40962000,0.0,0.0,189.79021301269532,42.806433819653634
2024-02-09 00:00:00-05:00,188.17664931462193,189.51329866773182,187.52828632775376,188.37615966796875,45155200,0.24,0.0,189.76413177490235,38.552524758733426
2024-02-12 00:00:00-05:00,187.94723765426946,188.19661038471307,186.32132258121607,186.680419921875,41781900,0.0,0.0,189.7246578979492,31.773441200730673
2024-02-13 00:00:00-05:00,185.30389344552358,185.7427918879144,183.04955421333517,184.57571411132812,56529500,0.0,0.0,189.63153381347655,29.777394212719656
2024-02-14 00:00:00-05:00,184.8550202478472,185.06448481263337,181.98224159532535,183.6879425048828,54630500,0.0,0.0,189.4949514770508,29.062310933926597
2024-02-15 00:00:00-05:00,183.08946188989523,184.02710579243293,180.8949849042452,183.398681640625,65434500,0.0,0.0,189.38864715576173,30.998661813585187
2024-02-16 00:00:00-05:00,182.9597697729581,184.38618960228064,181.21416078648454,181.85255432128906,49701400,0.0,0.0,189.1719219970703,29.82512787809806
2024-02-20 00:00:00-05:00,181.33386505771242,181.97225862856678,179.54836303345672,181.1044464111328,53665600,0.0,0.0,188.96215118408202,34.245523625033414
2024-02-21 00:00:00-05:00,181.48349741424192,182.4311107284463,180.20671027542915,181.862548828125,41529700,0.0,0.0,188.7286898803711,44.55101561370537
2024-02-22 00:00:00-05:00,183.0196281071197,184.49592561431203,182.00219833655885,183.9073944091797,52292200,0.0,0.0,188.50743469238282,43.185531991323195
2024-02-23 00:00:00-05:00,184.5457848212894,184.57570833046944,181.77276135358366,182.06204223632812,45119700,0.0,0.0,188.29968139648437,41.093245095655426
2024-02-26 00:00:00-05:00,181.78275162000102,182.30143594214888,180.19672948194207,180.70545959472656,40867400,0.0,0.0,188.0343115234375,31.4137779934525
2024-02-27 00:00:00-05:00,180.64560832701477,183.45852475422748,179.10946381541714,182.17176818847656,54318900,0.0,0.0,187.73351379394532,30.807893525453196
2024-02-28 00:00:00-05:00,182.05205940605046,182.66052946629853,179.67804140451977,180.9647979736328,48953900,0.0,0.0,187.40558807373046,28.293437550887475
2024-02-29 00:00:00-05:00,180.815177795749,182.11191899615906,179.0795381686922,180.29647827148438,136682600,0.0,0.0,187.07505493164064,28.972946881102317
2024-03-01 00:00:00-05:00,179.0995039018238,180.07704077536846,176.93495035729424,179.209228515625,73488000,0.0,0.0,186.75625,24.112676930289638
2024-03-04 00:00:00-05:00,175.7080130413176,176.45613120394682,173.35393394742417,174.66065979003906,81510100,0.0,0.0,186.32555297851562,20.76661072791873
2024-03-05 00:00:00-05:00,170.33155463049027,171.60834186998648,169.19441551967324,169.6931610107422,95132400,0.0,0.0,185.83754638671874,18.228275946089795
2024-03-06 00:00:00-05:00,170.6307828835121,170.81033915171824,168.2567497827471,168.69564819335938,68587700,0.0,0.0,185.33257873535158,18.14326428314361
2024-03-07 00:00:00-05:00,168.72557579533654,170.30161320782108,168.06724338394662,168.57595825195312,71765100,0.0,0.0,184.8467349243164,18.274959797570475
2024-03-08 00:00:00-05:00,168.57595034963478,173.26415420874906,168.51610333508685,170.30160522460938,76114600,0.0,0.0,184.4063626098633,25.46606195232333
2024-03-11 00:00:00-04:00,172.50608455061956,173.9424739307717,171.61831822823436,172.31655883789062,60139500,0.0,0.0,184.00429718017577,32.28791400616686
2024-03-12 00:00:00-04:00,172.7155327686856,173.59332957799342,170.58090298100706,172.7953338623047,59825400,0.0,0.0,183.60323974609375,31.516810421248096
2024-03-13 00:00:00-04:00,172.33650702549602,172.75545137696454,170.33154057571417,170.70062255859375,52488700,0.0,0.0,183.18120880126952,23.133093652471842
2024-03-14 00:00:00-04:00,172.47616269554393,173.87264392825887,171.61831987530365,172.56593322753906,72913500,0.0,0.0,182.9337631225586,30.697473606767986
2024-03-15 00:00:00-04:00,170.74051562789052,172.18687438964844,169.86271876480842,172.18687438964844,121664700,0.0,0.0,182.70643096923828,31.96787075952294
2024-03-18 00:00:00-04:00,175.12948288729953,177.26411278337386,173.08462351841683,173.28411865234375,75604200,0.0,0.0,182.54766662597658,30.88801695223357
2024-03-19 00:00:00-04:00,173.90255921354083,176.16686780995457,172.59584857462684,175.63819885253906,55215200,0.0,0.0,182.4505291748047,39.08422076963679
2024-03-20 00:00:00-04:00,175.27911488071734,178.22171020507812,174.65069069756925,178.22171020507812,53423100,0.0,0.0,182.31779296875,46.05764446779418
2024-03-21 00:00:00-04:00,176.60577416012134,177.04467260947172,170.4113487190698,170.9400177001953,106181300,0.0,0.0,182.0477911376953,37.281367741535746
2024-03-22 00:00:00-04:00,171.32903300964793,172.6158048054333,169.63330150885253,171.8477325439453,71106600,0.0,0.0,181.7750228881836,45.127848132044015
2024-03-25 00:00:00-04:00,170.1420294503314,171.50858710740098,169.02482929677882,170.42132568359375,54288300,0.0,0.0,181.48568115234374,51.43756570881168
2024-03-26 00:00:00-04:00,169.57346062327176,170.98989593848802,169.15451625289825,169.28419494628906,57388400,0.0,0.0,181.16702178955077,51.15555728653303
2024-03-27 00:00:00-04:00,169.98241994308466,173.16441820000477,169.68316964303057,172.87513732910156,60273300,0.0,0.0,180.96580810546874,57.42846943225339
2024-03-28 00:00:00-04:00,171.3190704702827,171.79786186400437,170.08217621428903,171.04974365234375,65672700,0.0,0.0,180.7470147705078,51.288253482462096
2024-04-01 00:00:00-04:00,170.76047140500762,170.8203184243575,169.0547552510188,169.60337829589844,46240500,0.0,0.0,180.3807437133789,45.23474018612843
2024-04-02 00:00:00-04:00,168.65575460153738,168.91509674293673,167.8078812915549,168.41635131835938,49329500,0.0,0.0,179.93235382080078,42.49572594145651
2024-04-03 00:00:00-04:00,168.3664767037722,170.25173383313268,168.15701214523367,169.2243194580078,47691700,0.0,0.0,179.4536996459961,47.35333235947913
2024-04-04 00:00:00-04:00,169.862720979973,171.4886360397026,168.39642333984375,168.39642333984375,53704400,0.0,0.0,178.9327850341797,42.23625284904373
2024-04-05 00:00:00-04:00,169.16446466808637,169.96246036892836,168.52607115151318,169.1544952392578,42055200,0.0,0.0,178.44058044433595,44.43221041778734
2024-04-08 00:00:00-04:00,168.60589031460577,168.77546194587757,167.81787917863633,168.02734375,37425500,0.0,0.0,177.93240783691405,40.35855815515504
2024-04-09 00:00:00-04:00,168.27671057044998,169.65325287306834,167.92759789027352,169.24427795410156,42451200,0.0,0.0,177.48344146728516,37.762459143168876
2024-04-10 00:00:00-04:00,168.3764690401373,168.66573470768245,166.6907069630718,167.35902404785156,49709300,0.0,0.0,177.0105178833008,28.63858274095834
2024-04-11 00:00:00-04:00,167.9176136082712,175.0197591304819,167.73807255301605,174.60079956054688,91070300,0.0,0.0,176.75595092773438,57.21022853292573
2024-04-12 00:00:00-04:00,173.82276241391455,177.9124812782121,173.77290004426743,176.10702514648438,101593300,0.0,0.0,176.604033203125,58.19581977576203
2024-04-15 00:00:00-04:00,174.91999737133082,176.18681502203364,172.06717291020246,172.25669860839844,73531800,0.0,0.0,176.32609466552734,53.23032779973112
2024-04-16 00:00:00-04:00,171.31906570233667,173.32401697440633,167.84780155858056,168.95501708984375,73711200,0.0,0.0,176.0022463989258,49.461652907493544
2024-04-17 00:00:00-04:00,169.18443695551,170.22182082390646,167.57847595214844,167.57847595214844,50901200,0.0,0.0,175.6144058227539,40.661282425168544
2024-04-18 00:00:00-04:00,167.60840163815763,168.21687172113144,166.1321193068702,166.62088012695312,43122900,0.0,0.0,175.17513549804687,41.9448302045139
2024-04-19 00:00:00-04:00,165.7929692214355,165.98247970725325,163.66830873342062,164.58599853515625,67772100,0.0,0.0,174.69297576904296,41.06570619500958
2024-04-22 00:00:00-04:00,165.1046847536948,166.84030903901143,164.3565666388509,165.4238739013672,48116400,0.0,0.0,174.24929107666014,44.6042947739122
2024-04-23 00:00:00-04:00,164.93511779278057,166.63084919015444,164.50618881351107,166.48121643066406,49537800,0.0,0.0,173.81139221191407,45.09802210651001
2024-04-24 00:00:00-04:00,166.12212834894586,168.87521298334806,165.79296974487917,168.59591674804688,48251800,0.0,0.0,173.4497021484375,50.34082377476538
2024-04-25 00:00:00-04:00,169.10463252247135,170.1819245302526,167.72809019800033,169.46372985839844,50558300,0.0,0.0,173.1474624633789,50.52633711338921
2024-04-26 00:00:00-04:00,169.45376017564897,170.91008837659274,168.75550436424768,168.87521362304688,44838400,0.0,0.0,172.85120788574218,51.47008400480028
2024-04-29 00:00:00-04:00,172.93498806378426,175.5883174432168,172.66567648639662,173.06466674804688,68169400,0.0,0.0,172.64452758789062,56.005015592179014
2024-04-30 00:00:00-04:00,172.89510648752642,174.55094510114296,169.57345983027295,169.9026336669922,65934800,0.0,0.0,172.40552917480468,53.84384797087587
2024-05-01 00:00:00-04:00,169.15450985940603,172.27666126931797,168.68568791540957,168.87521362304688,50383100,0.0,0.0,172.16094451904297,39.34671883073743
2024-05-02 00:00:00-04:00,172.07714095067269,172.9848612765476,170.46121064520491,172.59584045410156,94214900,0.0,0.0,171.9756103515625,43.964300271792595
2024-05-03 00:00:00-04:00,186.18166020430448,186.5307880883928,182.20168147231004,182.9198760986328,163224100,0.0,0.0,171.95585998535157,64.99300148380559
2024-05-06 00:00:00-04:00,181.89248296216456,183.7378321090879,179.96731749133704,181.25408935546875,78569700,0.0,0.0,171.93970092773438,68.12705889126175
2024-05-07 00:00:00-04:00,182.9896901956702,184.43604885883423,180.8650450721818,181.94232177734375,77305800,0.0,0.0,171.96443817138672,71.60866321576549
2024-05-08 00:00:00-04:00,182.3912187494054,182.6106679669662,180.99472234488195,182.281494140625,45057100,0.0,0.0,171.9666326904297,74.00617314560034
2024-05-09 00:00:00-04:00,182.1019366221584,184.19667360442534,181.65306876038784,184.10690307617188,48983000,0.0,0.0,172.02947479248047,80.11702900017796
2024-05-10 00:00:00-04:00,184.68621556318556,184.87599832689259,181.91942916527435,182.83836364746094,50759500,0.25,0.0,172.0803125,76.51488609952317
2024-05-13 00:00:00-04:00,185.225611031474,186.88369552554556,184.40655173639718,186.06463623046875,72044800,0.0,0.0,172.2174206542969,77.96991219486681
2024-05-14 00:00:00-04:00,187.29321195228255,188.08230715884645,186.07462118962928,187.2133026123047,52393600,0.0,0.0,172.4684735107422,77.34474837234842
2024-05-15 00:00:00-04:00,187.6927512010029,190.42957359114274,187.15336698785217,189.5006561279297,70400000,0.0,0.0,172.86462341308595,78.251648231545
2024-05-16 00:00:00-04:00,190.24979042229978,190.87906692858394,189.44072933773313,189.62051391601562,52845200,0.0,0.0,173.28312072753906,79.64219122553953
2024-05-17 00:00:00-04:00,189.29089777212403,190.58939786133627,188.96127746355222,189.65048217773438,41282900,0.0,0.0,173.7046112060547,76.89588141907541
2024-05-20 00:00:00-04:00,189.11110786674266,191.69810977923598,188.7914705191316,190.81912231445312,44361300,0.0,0.0,174.11496154785155,86.2630068828612
2024-05-21 00:00:00-04:00,190.86907148104808,192.50717481837918,190.6992698520675,192.12762451171875,42309400,0.0,0.0,174.51118286132814,89.92369836068323
2024-05-22 00:00:00-04:00,192.04771725232771,192.59708443506426,190.05002949048443,190.67929077148438,34648500,0.0,0.0,174.86886199951172,83.6764965806812
2024-05-23 00:00:00-04:00,190.75919100120913,190.77917214539482,186.41422947138201,186.6639404296875,51005900,0.0,0.0,175.1881283569336,59.11404300524101
2024-05-24 00:00:00-04:00,188.6016982061538,190.35965784997902,187.82258600140187,189.76034545898438,36294600,0.0,0.0,175.5320166015625,69.35817906036092
2024-05-28 00:00:00-04:00,191.28858695639587,192.7768698320682,188.88138477648047,189.77035522460938,52280100,0.0,0.0,175.88368621826172,68.38215481459399
2024-05-29 00:00:00-04:00,189.39078555405024,192.02773274385174,189.2908950712484,190.0699920654297,53068000,0.0,0.0,176.21940368652344,68.32333811734789
2024-05-30 00:00:00-04:00,190.5394463789207,191.95780280983485,190.40960704305542,191.06883239746094,49947900,0.0,0.0,176.52801635742188,67.04151829101126
2024-05-31 00:00:00-04:00,191.2186641606353,192.34736255924997,189.69043432876362,192.02772521972656,75158300,0.0,0.0,176.80413665771485,72.8400979998028
2024-06-03 00:00:00-04:00,192.67696567521375,194.76456083029888,192.29741538977316,193.8056640625,50080500,0.0,0.0,177.26144958496093,70.73297522093225
2024-06-04 00:00:00-04:00,194.414963181449,195.09418491376067,192.80682399954836,194.12530517578125,47471400,0.0,0.0,177.70700103759765,69.3728878362462
2024-06-05 00:00:00-04:00,195.17408160134354,196.6723473717975,194.64469558174162,195.64353942871094,54156800,0.0,0.0,178.2114453125,67.99294905945746
2024-06-06 00:00:00-04:00,195.46374994249493,196.27281099963508,193.94550306571446,194.25514221191406,41181800,0.0,0.0,178.7108642578125,62.63613376366954
2024-06-07 00:00:00-04:00,194.4249530208514,196.71231401609788,193.9155481344315,196.66236877441406,53103900,0.0,0.0,179.18660888671874,66.9238027263346
2024-06-10 00:00:00-04:00,196.67234166962024,197.07188834151233,191.9278335340749,192.89671325683594,97262100,0.0,0.0,179.62354827880858,54.4558512152738
2024-06-11 00:00:00-04:00,193.4261003259925,206.92049013592867,193.40613442314833,206.91049194335938,172373300,0.0,0.0,180.3696905517578,70.52130524999386
2024-06-12 00:00:00-04:00,207.13024721546452,219.94541582044732,206.6607893800588,212.82366943359375,198134300,0.0,0.0,181.2578369140625,77.35009456840397
2024-06-13 00:00:00-04:00,214.49173148985017,216.49940211957852,211.3553624447995,213.9923095703125,97862700,0.0,0.0,182.1531967163086,86.30569736440947
2024-06-14 00:00:00-04:00,213.60276725932692,214.9212332396349,211.05571234780385,212.2443389892578,70122700,0.0,0.0,183.03015502929688,80.97989507071185
2024-06-17 00:00:00-04:00,213.12330688362184,218.6968573821251,212.4740644791458,216.41949462890625,93728300,0.0,0.0,183.97545501708984,82.9382454340397
2024-06-18 00:00:00-04:00,217.3384239953892,218.37723010733959,212.75373450133438,214.042236328125,79943300,0.0,0.0,184.89575286865235,78.1822115244902
2024-06-20 00:00:00-04:00,213.68266276066225,213.99231716432826,208.6085492903026,209.4375762939453,86172500,0.0,0.0,185.69961883544923,69.90689936863551
2024-06-21 00:00:00-04:00,210.14676322476728,211.64502904420556,206.8705565188874,207.2501220703125,246421400,0.0,0.0,186.49744079589843,66.06918213667298
2024-06-24 00:00:00-04:00,207.4798404499802,212.454078428602,206.3511420510979,207.89935302734375,80727000,0.0,0.0,187.16341186523437,65.24087554625936
2024-06-25 00:00:00-04:00,208.9081869431628,211.1356197216104,208.36881796558913,208.8282928466797,56713900,0.0,0.0,187.81783721923827,65.69296941289899
2024-06-26 00:00:00-04:00,211.2554717695587,214.61158767540186,210.39646545910043,213.00344848632812,66213200,0.0,0.0,188.63277221679687,67.53430497233686
2024-06-27 00:00:00-04:00,214.4417922510153,215.4905813596252,212.1045012600432,213.85247802734375,49772700,0.0,0.0,189.53072143554687,70.01225668547188
2024-06-28 00:00:00-04:00,215.52053491072314,215.82019110439893,210.0568580061261,210.37648010253906,82542700,0.0,0.0,190.3866815185547,63.705311286942226
2024-07-01 00:00:00-04:00,211.84478889932726,217.25852074788511,211.67498727343576,216.49940490722656,60402900,0.0,0.0,191.38425201416015,72.52622044102185
2024-07-02 00:00:00-04:00,215.90008813229406,220.12520851414416,214.8513143018939,220.0153350830078,58046200,0.0,0.0,192.49283874511718,65.64140128061345
2024-07-03 00:00:00-04:00,219.7456427738116,221.29385375976562,218.77676303865346,221.29385375976562,37369800,0.0,0.0,193.61023834228516,61.36727955420602
2024-07-05 00:00:00-04:00,221.39372811908063,226.1881815360653,221.39372811908063,226.07830810546875,60412400,0.0,0.0,194.80218017578125,64.78493499666995
2024-07-08 00:00:00-04:00,226.82744313327814,227.58657420321984,222.99188645966368,227.55661010742188,59085900,0.0,0.0,195.98139404296876,68.85607782758021
2024-07-09 00:00:00-04:00,227.66647075237483,229.13477242689476,226.10827678949187,228.4156036376953,48076100,0.0,0.0,197.16043151855467,66.086246245853
2024-07-10 00:00:00-04:00,229.03489432853675,232.81052280414056,228.98494908857583,232.71063232421875,62627700,0.0,0.0,198.43713989257813,73.80892331571773
2024-07-11 00:00:00-04:00,231.12247556848655,232.12131940866172,225.50897806386928,227.30690002441406,64710600,0.0,0.0,199.52198455810546,72.33459283009915
2024-07-12 00:00:00-04:00,228.65533061100126,232.3710309246342,228.4156026019726,230.27345275878906,53046500,0.0,0.0,200.7294009399414,78.2267716924311
2024-07-15 00:00:00-04:00,236.2065948881155,236.95572779308304,232.82051476730805,234.12899780273438,62631300,0.0,0.0,202.03447662353517,79.81379666790386
2024-07-16 00:00:00-04:00,234.72830752859608,235.9968435006337,232.06139624646423,234.54852294921875,43234300,0.0,0.0,203.2735302734375,79.57729203698212
2024-07-17 00:00:00-04:00,229.1847200362218,231.19240594396558,226.37797123546218,228.61538696289062,57345900,0.0,0.0,204.18744049072265,67.25546228011237
2024-07-18 00:00:00-04:00,230.01376046370817,230.17357913751758,222.01302671532576,223.92080688476562,66034600,0.0,0.0,205.0407748413086,60.256385545764346
2024-07-19 00:00:00-04:00,224.56007929212146,226.53778582663386,223.02185124438603,224.0506591796875,49151500,0.0,0.0,205.88294158935548,64.94868095114973
2024-07-22 00:00:00-04:00,226.74754193953342,227.5166559886428,222.8320757894778,223.70108032226562,48201800,0.0,0.0,206.71133331298827,59.010264357902045
2024-07-23 00:00:00-04:00,224.1105879628454,226.67762395265615,222.42253943120292,224.74984741210938,39960300,0.0,0.0,207.52419219970704,56.31326110178544
2024-07-24 00:00:00-04:00,223.74101699336492,224.54009510228497,216.8789647868516,218.28732299804688,61777600,0.0,0.0,208.23317138671874,46.47786968997331
2024-07-25 00:00:00-04:00,218.67687825947047,220.59467187678908,214.37186367512805,217.23855590820312,51391200,0.0,0.0,208.85664978027344,38.65094589490545
2024-07-26 00:00:00-04:00,218.44714249209272,219.2362376525438,215.7602501518015,217.7080078125,41601300,0.0,0.0,209.46654388427734,37.01946282161842
2024-07-29 00:00:00-04:00,216.70916725528429,219.04645819403996,215.50055949707524,217.98768615722656,36311800,0.0,0.0,210.03628448486327,36.04278227766409
2024-07-30 00:00:00-04:00,218.93659134819188,220.07527275577738,215.87013333691414,218.5470428466797,41643800,0.0,0.0,210.61481506347656,28.936424752960107
2024-07-31 00:00:00-04:00,221.1839827384757,223.56123595882272,220.3749216653048,221.8232421875,50036300,0.0,0.0,211.25827026367188,41.293988882531096
2024-08-01 00:00:00-04:00,224.110590003871,224.22046343714268,216.7690968426558,218.1075439453125,62501000,0.0,0.0,211.80403869628907,31.133832294947368
2024-08-02 00:00:00-04:00,218.89661861998934,225.3391734979224,217.45829631147987,219.60580444335938,105568600,0.0,0.0,212.35360229492187,25.701839303000966
2024-08-05 00:00:00-04:00,198.85982239251607,213.25316621507156,195.7733984925247,209.02806091308594,119548600,0.0,0.0,212.7205776977539,18.13415173663651
2024-08-06 00:00:00-04:00,205.06264094927153,209.7472209414639,200.8375358240923,206.9904022216797,69660500,0.0,0.0,213.12710693359375,20.088366287421323
2024-08-07 00:00:00-04:00,206.66078565300305,213.3929986622491,206.15138077832643,209.57742309570312,63516400,0.0,0.0,213.52344848632814,28.931920200171945
2024-08-08 00:00:00-04:00,212.86361928255258,213.95235545083946,208.5885687073719,213.06338500976562,47161100,0.0,0.0,213.98930908203124,35.3098218234817
2024-08-09 00:00:00-04:00,211.85479245119006,216.5293744807485,211.72493786998632,215.99000549316406,42201600,0.0,0.0,214.50770935058594,40.354816951602025
2024-08-12 00:00:00-04:00,216.07000732421875,219.50999450683594,215.60000610351562,217.52999877929688,38028100,0.25,0.0,215.03693267822266,41.078882767514735
2024-08-13 00:00:00-04:00,219.00999450683594,221.88999938964844,219.00999450683594,221.27000427246094,44155300,0.0,0.0,215.62177825927733,53.95136501627055
2024-08-14 00:00:00-04:00,220.57000732421875,223.02999877929688,219.6999969482422,221.72000122070312,41960600,0.0,0.0,216.1800650024414,56.032586681871926
2024-08-15 00:00:00-04:00,224.60000610351562,225.35000610351562,222.75999450683594,224.72000122070312,46414000,0.0,0.0,216.79195892333985,58.836970133318566
2024-08-16 00:00:00-04:00,223.9199981689453,226.8300018310547,223.64999389648438,226.0500030517578,44340200,0.0,0.0,217.40008819580078,59.898603256295985
2024-08-19 00:00:00-04:00,225.72000122070312,225.99000549316406,223.0399932861328,225.88999938964844,40687800,0.0,0.0,218.03278533935546,59.10468262226846
2024-08-20 00:00:00-04:00,225.77000427246094,227.1699981689453,225.4499969482422,226.50999450683594,30299000,0.0,0.0,218.6297378540039,56.22097377822012
2024-08-21 00:00:00-04:00,226.52000427246094,227.97999572753906,225.0500030517578,226.39999389648438,34765500,0.0,0.0,219.29980346679687,62.17213096395311
2024-08-22 00:00:00-04:00,227.7899932861328,228.33999633789062,223.89999389648438,224.52999877929688,43695300,0.0,0.0,219.65219360351563,57.14998502259019
2024-08-23 00:00:00-04:00,225.66000366210938,228.22000122070312,224.3300018310547,226.83999633789062,38677300,0.0,0.0,219.93252014160157,84.03478459639267
2024-08-26 00:00:00-04:00,226.75999450683594,227.27999877929688,223.88999938964844,227.17999267578125,30602200,0.0,0.0,220.19627380371094,91.25445315310989
2024-08-27 00:00:00-04:00,226.0,228.85000610351562,224.88999938964844,228.02999877929688,35934600,0.0,0.0,220.51198699951172,90.58619870291488
2024-08-28 00:00:00-04:00,227.9199981689453,229.86000061035156,225.67999267578125,226.49000549316406,38052200,0.0,0.0,220.71339721679686,82.29632723591709
2024-08-29 00:00:00-04:00,230.10000610351562,232.9199981689453,228.8800048828125,229.7899932861328,51906300,0.0,0.0,221.02835235595703,82.6087081933167
2024-08-30 00:00:00-04:00,230.19000244140625,230.39999389648438,227.47999572753906,229.0,52958500,0.0,0.0,221.41960083007814,78.09901105572119
